Id,Label,Grupo,Conexiones
Apis mellifera,Apis mellifera,Insecta,59
Trifolium repens,Trifolium repens,Plantae,8
Trifolium pratense,Trifolium pratense,Plantae,8
Taraxacum officinale,Taraxacum officinale,Plantae,7
Cirsium vulgare,Cirsium vulgare,Plantae,8
Lantana camara,Lantana camara,Plantae,13
Eriobotrya japonica,Eriobotrya japonica,Plantae,10
Tropaeolum majus,Tropaeolum majus,Plantae,2
Molothrus bonariensis,Molothrus bonariensis,Aves,12
Zonotrichia capensis,Zonotrichia capensis,Aves,18
Cucurbita pepo,Cucurbita pepo,Plantae,3
Baccharis latifolia,Baccharis latifolia,Plantae,4
Bombus pauloensis,Bombus pauloensis,Insecta,17
Lobularia maritima,Lobularia maritima,Plantae,3
Rattus norvegicus,Rattus norvegicus,Mammalia,4
Rattus rattus,Rattus rattus,Mammalia,6
Raphanus raphanistrum,Raphanus raphanistrum,Plantae,5
Persea americana,Persea americana,Plantae,9
Thunbergia alata,Thunbergia alata,Plantae,3
Tecoma stans,Tecoma stans,Plantae,2
Sambucus nigra,Sambucus nigra,Plantae,10
Leptophobia aripa,Leptophobia aripa,Insecta,5
Coriandrum sativum,Coriandrum sativum,Plantae,1
Vallea stipularis,Vallea stipularis,Plantae,4
Veronica persica,Veronica persica,Plantae,3
Ardea alba,Ardea alba,Aves,10
Egretta thula,Egretta thula,Aves,2
Eristalinus taeniops,Eristalinus taeniops,Insecta,3
Piranga rubra,Piranga rubra,Aves,7
Mus musculus,Mus musculus,Mammalia,5
Bidens laevis,Bidens laevis,Plantae,3
Morella pubescens,Morella pubescens,Plantae,14
Turdus fuscater,Turdus fuscater,Aves,2
Ganoderma applanatum,Ganoderma applanatum,Fungi,4
Schinus molle,Schinus molle,Plantae,5
Vanessa carye,Vanessa carye,Insecta,6
Catharus ustulatus,Catharus ustulatus,Aves,7
Vireo olivaceus,Vireo olivaceus,Aves,10
Porzana carolina,Porzana carolina,Aves,1
Ricinus communis,Ricinus communis,Plantae,5
Capsella bursa-pastoris,Capsella bursa-pastoris,Plantae,3
Thraupis palmarum,Thraupis palmarum,Aves,8
Prunus serotina,Prunus serotina,Plantae,12
Spinus psaltria,Spinus psaltria,Aves,6
Tyrannus tyrannus,Tyrannus tyrannus,Aves,4
Columba livia domestica,Columba livia domestica,Aves,14
Fulica americana,Fulica americana,Aves,7
Typha latifolia,Typha latifolia,Plantae,4
Acacia dealbata,Acacia dealbata,Plantae,3
Harmonia axyridis,Harmonia axyridis,Insecta,8
Steatoda nobilis,Steatoda nobilis,Arachnida,2
Buteo platypterus,Buteo platypterus,Aves,5
Coccyzus americanus,Coccyzus americanus,Aves,1
Troglodytes musculus,Troglodytes musculus,Aves,1
Elanus leucurus,Elanus leucurus,Aves,3
Ipomoea purpurea,Ipomoea purpurea,Plantae,1
Catharus fuscescens,Catharus fuscescens,Aves,3
Dione glycera,Dione glycera,Insecta,5
Streptosolen jamesonii,Streptosolen jamesonii,Plantae,6
Contopus virens,Contopus virens,Aves,2
Tyrannus melancholicus,Tyrannus melancholicus,Aves,10
Colibri coruscans,Colibri coruscans,Aves,10
Nicotiana tabacum,Nicotiana tabacum,Plantae,2
Bocconia frutescens,Bocconia frutescens,Plantae,16
Modiola caroliniana,Modiola caroliniana,Plantae,2
Crocosmia × crocosmiiflora,Crocosmia × crocosmiiflora,Plantae,2
Cornu aspersum,Cornu aspersum,Mollusca,2
Verbena litoralis,Verbena litoralis,Plantae,1
Empidonomus varius,Empidonomus varius,Aves,3
Thraupis episcopus,Thraupis episcopus,Aves,5
Baccharis macrantha,Baccharis macrantha,Plantae,1
Physalis peruviana,Physalis peruviana,Plantae,3
Solanum quitoense,Solanum quitoense,Plantae,3
Zelus longipes,Zelus longipes,Insecta,3
Colias dimera,Colias dimera,Insecta,3
Mimus gilvus,Mimus gilvus,Aves,1
Clusia multiflora,Clusia multiflora,Plantae,5
Coprinellus disseminatus,Coprinellus disseminatus,Fungi,1
Solanum laxum,Solanum laxum,Plantae,6
Piranga olivacea,Piranga olivacea,Aves,1
Egretta caerulea,Egretta caerulea,Aves,2
Podilymbus podiceps,Podilymbus podiceps,Aves,4
Spatula discors,Spatula discors,Aves,2
Smallanthus pyramidalis,Smallanthus pyramidalis,Plantae,3
Cardellina canadensis,Cardellina canadensis,Aves,4
Oreopanax incisus,Oreopanax incisus,Plantae,13
Myrcianthes leucoxyla,Myrcianthes leucoxyla,Plantae,2
Turdus fuscater gigas,Turdus fuscater gigas,Aves,8
Duranta mutisii,Duranta mutisii,Plantae,7
Gallinula galeata,Gallinula galeata,Aves,2
Alnus acuminata,Alnus acuminata,Plantae,5
Rallus semiplumbeus,Rallus semiplumbeus,Aves,1
Rupornis magnirostris,Rupornis magnirostris,Aves,5
Sicalis flaveola,Sicalis flaveola,Aves,2
Zenaida auriculata,Zenaida auriculata,Aves,7
Abatia parviflora,Abatia parviflora,Plantae,3
Chrysomus icterocephalus bogotensis,Chrysomus icterocephalus bogotensis,Aves,1
Dendrocygna autumnalis,Dendrocygna autumnalis,Aves,2
Citharexylum subflavescens,Citharexylum subflavescens,Plantae,13
Zenaida auriculata pentheria,Zenaida auriculata pentheria,Aves,3
Tyrannus savana,Tyrannus savana,Aves,2
Impatiens sodenii,Impatiens sodenii,Plantae,2
Tara spinosa,Tara spinosa,Plantae,2
Heterogomphus dilaticollis,Heterogomphus dilaticollis,Insecta,1
Vireo flavoviridis,Vireo flavoviridis,Aves,2
Spinus spinescens,Spinus spinescens,Aves,2
Passiflora tarminiana,Passiflora tarminiana,Plantae,1
Salix humboldtiana,Salix humboldtiana,Plantae,3
Quercus humboldtii,Quercus humboldtii,Plantae,3
Butorides virescens,Butorides virescens,Aves,2
Tringa solitaria,Tringa solitaria,Aves,1
Icterus chrysater,Icterus chrysater,Aves,7
Diglossa albilatera,Diglossa albilatera,Aves,2
Coragyps atratus,Coragyps atratus,Aves,2
Synallaxis subpudica,Synallaxis subpudica,Aves,1
Setophaga fusca,Setophaga fusca,Aves,4
Diglossa sittoides,Diglossa sittoides,Aves,2
Dodonaea viscosa,Dodonaea viscosa,Plantae,2
Fulica americana columbiana,Fulica americana columbiana,Aves,4
Hydrocotyle ranunculoides,Hydrocotyle ranunculoides,Plantae,2
Porphyrio martinica,Porphyrio martinica,Aves,2
Cenchrus clandestinus,Cenchrus clandestinus,Plantae,1
Cotoneaster coriaceus,Cotoneaster coriaceus,Plantae,1
Schoenoplectus californicus,Schoenoplectus californicus,Plantae,2
Lepechinia bullata,Lepechinia bullata,Plantae,1
Dendrocygna viduata,Dendrocygna viduata,Aves,1
Myiodynastes luteiventris,Myiodynastes luteiventris,Aves,1
Asemosyrphus mexicanus,Asemosyrphus mexicanus,Insecta,1
Rubus glaucus,Rubus glaucus,Plantae,1
Tigridia pavonia,Tigridia pavonia,Plantae,1
Lycianthes lycioides,Lycianthes lycioides,Plantae,1
Deroceras reticulatum,Deroceras reticulatum,Mollusca,1
Pyrocephalus rubinus,Pyrocephalus rubinus,Aves,1
Xylosma spiculifera,Xylosma spiculifera,Plantae,1
Butorides striata,Butorides striata,Aves,1
Atlapetes pallidinucha,Atlapetes pallidinucha,Aves,1
